{"problem": "prime-number-theorem", "support": "truncated-600", "n": 600, "S": 0.9857753660515175, "S_server": 0.9857753660515172, "arena_top": 0.994901, "gap_to_top": -0.009125633948482537, "gap_to_max": 0.014224633948482501, "grid_max": 1.0000000000101466, "tail_method": "residue_bound_uncertified", "tail_certified": false, "mobius_distance": {"linf": 2.3210181409793957, "mean_abs": 0.48858636850120346, "frac_changed": 0.7696160267111853}, "partial_function": {"2": -1.0000000000000275, "3": -1.0000000000000528, "4": -1.0699774399824944e-13, "5": -1.000000000000192, "6": 1.0000000000003193, "7": -1.0000000000000215, "8": 2.9782287747082245e-13, "9": -2.5945983085569364e-13, "10": 1.0000000000000004, "11": -1.0000000000005063, "12": 3.029576589597138e-13, "13": -0.9999999999998409, "14": 1.0000000000000404, "15": 1.0000000000002829, "16": -2.6134649999676185e-13, "17": -1.0000000000000628, "18": 7.849276784099802e-14, "19": -1.0000000000000067, "20": 3.556599459386516e-13, "21": 1.0000000000001306, "22": 0.9999999999999329, "23": -0.999999999999983, "24": -4.0695780079147534e-13, "25": 2.0979654535214822e-13, "26": 0.999999999999883, "27": 7.492463263629636e-14, "28": 8.275731422149201e-14, "29": -1.0000000000000098, "30": -1.0000000000002252, "31": -0.9999999999999636, "32": 4.4853010194856324e-14, "33": 0.9999999999999728, "34": 1.0000000000000697, "35": 0.9999999999996835, "36": 7.550042446830901e-14, "37": -0.9999999999999529, "38": 0.999999999999911, "39": 1.0000000000001106, "40": 3.0886404545071855e-13, "41": -0.9999999999999791, "42": -1.000000000000194, "43": -1.0000000000001494, "44": 4.2275828564353835e-13, "45": 6.030361395425163e-14, "46": 0.9999999999999882, "47": -1.0000000000000135, "48": 4.063416270128073e-14, "49": -9.605929457094128e-14, "50": 1.1838708298620122e-14, "51": 1.0000000000000322, "52": 2.6635482436333813e-14, "53": -0.9999999999999789, "54": 2.7665209497357863e-13, "55": 0.9999999999999533, "56": -1.4588330543574938e-13, "57": 0.9999999999998037, "58": 0.6227181849989974, "59": -0.6227181849988843, "60": -5.010422310117307e-13, "61": -0.999999999999998, "62": 0.9999999999999913, "63": -2.807229275416107e-13, "64": -1.323663401109343e-13, "65": 0.8367107448377299, "66": -0.9894174326653684, "67": -0.8472933121714594, "68": 3.314897722679014e-14, "69": 0.4747264874591225, "70": -1.3243514008609805, "71": -0.1503750865979824, "72": -1.4483140549182591e-13, "73": -1.0000000000000053, "74": 1.0000000000001152, "75": -2.340285268110589e-13, "76": -1.8327703998374044e-12, "77": 1.0000000000019122, "78": -1.5879750734548015, "79": -0.4120249265450108, "80": 7.758238496080594e-13, "81": -2.364088567604278e-13, "82": 1.0000000000001872, "83": -1.0000000000001084, "84": -4.5797191883298794e-14, "85": 1.0000000000000722, "86": 0.9999999999999272, "87": 1.0000000000002447, "88": -0.5121720091075382, "89": -0.48782799089290907, "90": -8.116610217943946e-13, "91": 0.9999999999998682, "92": -0.0, "93": 0.5795650635336161, "94": 1.1141572453447446, "95": 0.8355538847880248, "96": -0.7961145139127477, "97": -0.040717222762568304, "98": 0.1143261250868223, "99": -0.3283937131501471, "100": -0.4783768689283165, "101": 1.293875371660222e-12, "102": -1.2023772061499691, "103": -0.7976227938498762, "104": -7.81076734014126e-13, "105": -0.9999999999998648, "106": 1.00000000000201, "107": -1.0000000000020401, "108": -0.3144559613728912, "109": -0.6855440386270439, "110": -0.9999999999999473, "111": 0.9944494969157871, "112": 0.0055505030841553225, "113": -0.9999999999999677, "114": -0.9999999999998351, "115": 1.0000000000000488, "116": 0.3772818150010205, "117": 2.9977005320499335e-13, "118": 0.6227181849986093, "119": 0.9999999999999484, "120": 3.029783436581756e-13, "121": 4.3578623352697335e-14, "122": 0.9999999999999887, "123": 0.43279145020516446, "124": -0.08319622346272604, "125": -0.2001839921311324, "126": -0.0744961946351609, "127": -0.07491503997652481, "128": 4.871103520542874e-13, "129": 0.5727836750906755, "130": -0.40949441992779495, "131": -1.0000000000000078, "132": -0.010582567333813705, "133": 0.8115562863368095, "134": 0.8472933121689474, "135": -0.0038894084501224792, "136": -0.08601061255035698, "137": -0.7216562653342915, "138": -0.8394943365584802, "139": -0.6352321509006504, "140": 0.32435140086116093, "141": 1.0000000000000044, "142": 0.1503750865976504, "143": 1.0000000000000617, "144": -0.595910813676659, "145": 0.6759012582660802, "146": 0.951561252168293, "147": -0.22860285708043654, "148": 0.19705116032245235, "149": -1.6062375851268408e-13, "150": -0.5783348963787571, "151": -0.42166510362139537, "152": -0.4742000589510914, "153": 0.4742000589530858, "154": -1.0000000000017948, "155": 0.9999999999999424, "156": 0.5879750734548578, "157": -1.0000000000000058, "158": 0.41202492654502393, "159": 0.9999999999999418, "160": -4.833807550730772e-13, "161": -0.17742143125210105, "162": -0.8488650848585549, "163": 0.8849732427192756, "164": -0.39096780524163444, "165": -1.2600582588705256, "166": 0.7659789357075157, "167": -0.019069310707643616, "168": 0.04542971250494318, "169": -8.782718413872628e-13, "170": -0.9999999999993758, "171": -0.4880473404048593, "172": 0.22794412995456043, "173": -0.7398967895496442, "174": -0.6227181849994291, "175": 1.8907870296929015e-12, "176": -0.019877331948544758, "177": 0.7211860239228003, "178": 0.7440525535733986, "179": -0.8226430605504768, "180": 2.7854670509430633e-13, "181": -0.9999999999999948, "182": -0.9999999999999342, "183": 0.9999999999999665, "184": -1.9991982289062223e-13, "185": 0.2647503578513644, "186": -1.1527227341014072, "187": 0.7192908339816289, "188": -0.9991304880634718, "189": -0.7041991412026024, "190": -0.9832591055201269, "191": 1.0469363312423496, "192": 0.9146740477215304, "193": 0.16049821833789568, "194": 0.04071722276234542, "195": -0.836710744837567, "196": -0.11432612508677123, "197": -1.0000000000000648, "198": 0.317811145816123, "199": -0.9999999999999057, "200": 0.4783768689280442, "201": 0.8472933121713393, "202": -1.0125540846084134e-12, "203": 1.0000000000000069, "204": 0.17884017101916716, "205": 1.023537035131267, "206": 0.23362497879673663, "207": -0.4764055726051988, "208": -0.19892942415571246, "209": 0.18556109885269942, "210": 1.6763136349155532, "211": 1.952366852283095e-12, "212": -0.5300116758244966, "213": -0.9951980450506664, "214": 0.8263156582714766, "215": 0.8587341124486848, "216": 0.414094139283827, "217": -0.4889276803458897, "218": 0.39868761809830233, "219": 0.43119105110992856, "220": -0.6509243090292741, "221": -1.9312997342449757e-13, "222": -0.7108381827223305, "223": 0.7258205027285728, "224": -0.3561394400556926, "225": 0.07572060676649943, "226": -2.2101625975156545e-12, "227": 0.5131943646118364, "228": 0.5375974038999083, "229": 0.7216562653351936, "230": -1.2609609573547318, "231": -0.6716062868512342, "232": -0.10836743508175467, "233": 0.12855662085390915, "234": 1.057457458748776, "235": 0.8457946654928641, "236": -1.111335156683222, "237": 0.29622624185239316, "238": -1.501871743722387, "239": 0.6140929435924988, "240": 0.05135624109508208, "241": 0.2671430965764761, "242": -1.8513269978417085e-13, "243": -0.061537413766426255, "244": 0.0615374137665782, "245": -0.12626145593489996, "246": -1.4327914502028858, "247": -0.0662816224625506, "248": 0.6972630675346646, "249": 0.9999999999999754, "250": 0.30954109100073846, "251": 0.32101814097955134, "252": -0.06930224191478099, "253": 0.5252735125409651, "254": 0.0175653360642985, "255": -1.474200058953422, "256": -0.2084128579075486, "257": -0.45651404423863906, "258": -0.641650010464223, "259": 0.49295071491361026, "260": -0.7665993630745137, "261": 0.5051749144501503, "262": 0.9999999999999968, "263": -1.327182638653237, "264": -0.0030727667746948874, "265": 1.229047327020912, "266": -0.5840054450186044, "267": 0.6279508914621221, "268": 0.3758155772231197, "269": -0.36062709838603024, "270": -0.25331190809473114, "271": -0.29059428377973945,