{"problem": "prime-number-theorem", "method": "evolution", "n": 256, "S": 0.9775377439843209, "S_server": 0.97753774398432, "arena_top": 0.994901, "gap_to_top": -0.017363256015679118, "gap_to_max": 0.022462256015679083, "grid_max": 1.0000000000020464, "tail_method": "residue_bound_uncertified", "tail_certified": false, "submittable": true, "originality": {"vs_mobius": {"linf": 2.2226319462981694, "mean_abs": 0.5388128951111375, "frac_changed": 0.8470588235294118}, "vs_arena": null}, "partial_function": {"2": -0.9999999999999866, "3": -1.0000000000000062, "4": -0.0, "5": -1.0000000000000135, "6": 1.0000000000000409, "7": -1.0000000000000038, "8": -0.0, "9": -0.0, "10": 0.999999999999976, "11": -0.999999999999949, "12": -7.643885524544203e-14, "13": -0.9999999999999976, "14": 1.000000000000022, "15": 1.0000000000000213, "16": -0.13575429601389238, "17": -0.8642457039862474, "18": 6.095501057488365e-14, "19": -1.0000000000000209, "20": 6.883382752675854e-14, "21": 1.0000000000000009, "22": 0.9999999999999618, "23": -1.000000000000019, "24": 5.6343818499726694e-14, "25": -0.0, "26": 1.0000000000000102, "27": -0.0, "28": -0.28470398242699296, "29": -0.7152960175729792, "30": -0.999999999999984, "31": -1.0000000000000153, "32": 0.13575429601383265, "33": 1.0000000000000224, "34": 0.8642457039861214, "35": 1.0000000000000322, "36": -0.0040346669295893344, "37": -0.9959653330704054, "38": 0.9999999999999928, "39": 0.8503366745433604, "40": -0.5656326921166414, "41": -0.28470398242679285, "42": -1.2985933461755812, "43": -0.7014066538244473, "44": -0.0, "45": 6.230993655477377e-14, "46": 0.5358654067481813, "47": -0.5358654067481994, "48": 0.1357542960138818, "49": 2.4670448283680555e-14, "50": 3.97146275374056e-14, "51": 0.8642457039861241, "52": -0.37877309371303225, "53": -0.6212269062869384, "54": -3.0966236986629175e-14, "55": 0.624501896000579, "56": -0.02540252401709364, "57": 0.5157248227933199, "58": 0.7152960175735243, "59": 0.16987978764960449, "60": -0.15566929807297625, "61": -0.8443307019270685, "62": 1.0000000000000902, "65": 0.35757955532644337, "66": -0.7936553695341381, "67": -0.563924185792272, "69": 0.5444846333413538, "70": -1.5703364062381464, "71": 0.025851772896771995, "72": -0.26041727191190056, "73": -0.7355480611585434, "74": 0.9959653330703766, "76": -0.33104859882043614, "77": 0.40807620583156484, "78": -0.759403894303986, "79": -0.16796038725054466, "80": 0.40853214392501574, "82": 0.577558826632259, "83": -0.9999999999999587, "84": 0.5832973286025677, "85": 0.864245703986154, "86": 0.7014066538248693, "87": -0.2847039824274447, "89": -0.0, "91": 0.24010244454031304, "93": 0.41957031305302694, "94": -0.46413459325182127, "95": 0.3176760874826191, "96": -0.14189150075339158, "97": -0.3051015349602817, "99": -0.4155262074932376, "101": -1.3837509372604975e-12, "102": -0.2196169575062642, "103": 0.5689219488908449, "104": -0.3966802166155457, "105": -1.5804296869470502, "106": 0.9329402039074935, "107": 0.04416969965504517, "109": -0.9959653330708771, "110": -0.6245018960005383, "111": 0.7425311462905911, "112": 0.27891616966516924, "113": -0.5796211804273894, "114": -0.5157248227933722, "115": 1.0000000000000873, "116": -5.744938091911061e-13, "117": -0.2711894373147888, "118": -0.47908546002859054, "119": 0.3476482380264772, "120": 0.610561521313287, "122": 1.033045162235353, "123": 0.10250892751677651, "124": -0.21342687062411225, "125": -0.0649586797443204, "126": -0.26636574562629106, "127": 0.08240860242186203, "128": 0.4332190278937732, "129": 5.45031231693596e-14, "130": -0.5335185361077988, "131": -0.11762734381826685, "132": -0.0863809900382345, "133": 1.0116455981211505, "134": -0.2231457961591379, "135": -1.146936154177687, "136": 0.20722534781810004, "137": 0.27677831438970063, "138": -0.07916079988481209, "139": -0.30990923299106793, "140": 0.40975246315862074, "141": -0.24562838097084344, "142": -0.25722412580212717, "143": 0.7136232095068975, "144": -0.03274434554692843, "145": 5.490543800275118e-13, "146": 0.7355480611596662, "147": -0.6111331334378106, "148": -0.5199505383926941, "149": 0.6345200874101087, "150": -1.228602340280537, "151": 0.14691783193508223, "152": 0.24360609883486187, "153": -0.3088467948387341, "154": -0.6198701470179097, "155": 0.2134268706232813, "156": 0.13150328779740894, "157": -4.46962585090968e-13, "158": -0.25160992580249625, "159": -0.311713297620586, "160": 0.8282268661094969, "161": 0.17984964358145822, "162": -0.33578195164106056, "163": -7.785877839697935e-14, "164": 0.39750772842720394, "165": -0.4821043454764968, "166": 0.5935521888076156, "167": 0.16796038725056225, "168": 0.6069519529633054, "169": 0.12582306456041192, "170": -1.351472073817548, "171": 0.3505675277492884, "172": 0.08498438640536968, "173": -3.101573543864888e-13, "174": 0.07835935196058891, "175": 0.1257060982283348, "176": 0.10196025958940508, "177": -0.6577015326239503, "178": 0.07734732361317506, "179": -0.10970895267197309, "180": -0.003631479201288352, "181": 0.05651715960218512, "182": -0.24010244453975624, "183": 0.5326174043064402, "184": 0.5998888892656669, "185": 0.18219505490999682, "186": -1.1286471294754585, "187": -0.5506217349672152, "188": 0.7841389043975466, "189": 0.4872263698303405, "190": -0.2167831721594999, "191": 0.31594792426748547, "192": -0.45965992498514907, "193": -1.2032227066545874e-12, "194": 0.006508188784585176, "195": 0.08500620054202686, "196": -0.13019431847615812, "197": 0.22141811074939594, "198": 0.29959723399523325, "199": -1.0000000000000044, "200": 0.13420057251783576, "201": 0.7870699819502067, "202": 0.16885448007772624, "203": 0.2569214248269275, "204": -0.1540752631128508, "205": -0.6421945000511077, "206": -1.2226319462981696, "207": 0.2894705978903761, "208": 0.7190620110600544, "209": 0.5492338569515783, "210": 1.998828067685333, "211": -0.1660242349956257, "212": 0.004034666929564079, "213": -1.0505824585532573, "214": -0.287627371295693, "215": -0.5439481436409679, "216": -0.2574195698665012, "217": 0.6475695719068455, "218": 0.9959653330707758, "219": 0.9094836264417495, "220": -0.4821899968781297, "221": -0.1334051613125754, "222": -0.3823365339328845, "223": 0.31687152683325565, "224": -0.3000206038142901, "225": 0.06495867974313146, "226": 0.5796211804273921, "227": 0.41351467361284094, "228": 0.08744249998563626, "229": -4.4681097463002504e-13, "230": -1.3291924243093882, "231": 0.007450001661960376, "232": 0.05318508161772829, "233": -0.5504279692801198, "234": 0.4315611299205783, "235": 0.7814937877189624, "236": 1.0916360704516979, "237": 0.32198541654272544, "238": -0.9246055493672524, "239": 0.23327827674206053, "240": -0.15423793421735704, "241": -0.5475657724956865, "244": -0.3921715948217346, "245": 0.20345713451347813, "246": -0.6462991683593948, "249": 1.2214176241428878, "254": -0.5836999463090339, "257": -0.21786965257436622, "259": 0.25923502044126606, "262": 0.11762734381859377, "263": 0.4547235887188985, "265": -0.8570226955121405, "267": -0.04036994720187733, "268": -0.14515694586109898, "270": 1.3766069016485765, "271": -0.2926208755826642, "273": -0.028532186655054248, "274": -0.19125013384174738, "275": -0.38513973401493806, "277": -0.24055140219034427, "278": 0.3099092329910712, "282": 0.2816398329918548, "283": 0.5807413765661436, "285": 0.39797144262943607, "286": -0.7136232095068764, "290": 0.3134149814101158, "292": -0.5560302709112014, "294": 0.2999708817995173, "300": 1.67850482156112}}